<?xml version="1.0" encoding="utf-8"?>
<Groups clsid="{3125E937-EB16-4b4c-9934-544FC6D24D26}"><Group clsid="{6D4A79E4-529C-4481-ABD0-F5BD7EA93BA7}" name="Remote Desktop Users (built-in)" image="2" changed="2020-06-09 21:46:57" uid="{6B37F6DA-BFE2-4238-8E7E-6C19BBEF420A}"><Properties action="U" newName="" description="" deleteAllUsers="0" deleteAllGroups="0" removeAccounts="0" groupSid="S-1-5-32-555" groupName="Remote Desktop Users (built-in)"><Members><Member name="Alice" action="ADD" sid=""/><Member name="Bob" action="ADD" sid=""/><Member name="Charlie" action="ADD" sid=""/><Member name="Xena" action="ADD" sid=""/></Members></Properties></Group>
</Groups>
