<BackupInst xmlns="http://www.microsoft.com/GroupPolicy/GPOOperations/Manifest"><GPOGuid><![CDATA[{933955DF-4B5D-4D52-8C83-C3D9C5CAA036}]]></GPOGuid><GPODomain><![CDATA[lab.local]]></GPODomain><GPODomainGuid><![CDATA[{b3ee281f-0c70-49fa-9605-ca53a6b9bcd2}]]></GPODomainGuid><GPODomainController><![CDATA[DC1.lab.local]]></GPODomainController><BackupTime><![CDATA[2020-06-16T13:08:19]]></BackupTime><ID><![CDATA[{51E49AB4-F202-471C-88DB-93EB278D68A5}]]></ID><Comment><![CDATA[Domain Users Allow RDP]]></Comment><GPODisplayName><![CDATA[Domain Users Allow RDP]]></GPODisplayName></BackupInst>
