<BackupInst xmlns="http://www.microsoft.com/GroupPolicy/GPOOperations/Manifest"><GPOGuid><![CDATA[{885AB6E8-D126-45B7-B083-29C383A7259A}]]></GPOGuid><GPODomain><![CDATA[lab.local]]></GPODomain><GPODomainGuid><![CDATA[{5dcd6c99-5d4f-4a01-8681-89d091d8642b}]]></GPODomainGuid><GPODomainController><![CDATA[DC1.lab.local]]></GPODomainController><BackupTime><![CDATA[2020-06-09T21:47:15]]></BackupTime><ID><![CDATA[{B2C439D1-58C3-4652-895A-699E949F00DB}]]></ID><Comment><![CDATA[Allow RDP Access]]></Comment><GPODisplayName><![CDATA[Allow RDP Access]]></GPODisplayName></BackupInst>
