<BackupInst xmlns="http://www.microsoft.com/GroupPolicy/GPOOperations/Manifest"><GPOGuid><![CDATA[{CDA58981-9425-42D6-B050-07F37EC326B2}]]></GPOGuid><GPODomain><![CDATA[lab.local]]></GPODomain><GPODomainGuid><![CDATA[{c90397aa-d91f-4bb7-a0c8-4a7f5cb6fc8b}]]></GPODomainGuid><GPODomainController><![CDATA[DC1.lab.local]]></GPODomainController><BackupTime><![CDATA[2020-06-16T01:08:32]]></BackupTime><ID><![CDATA[{51CCB400-1682-4C2F-803B-13E9BAE4BF37}]]></ID><Comment><![CDATA[Allow Domain Userss RDP]]></Comment><GPODisplayName><![CDATA[Allow Domain Users RDP]]></GPODisplayName></BackupInst>
