<BackupInst xmlns="http://www.microsoft.com/GroupPolicy/GPOOperations/Manifest"><GPOGuid><![CDATA[{83523035-20F8-46B8-BDFC-0CF39229082F}]]></GPOGuid><GPODomain><![CDATA[lab.local]]></GPODomain><GPODomainGuid><![CDATA[{b3ee281f-0c70-49fa-9605-ca53a6b9bcd2}]]></GPODomainGuid><GPODomainController><![CDATA[DC1.lab.local]]></GPODomainController><BackupTime><![CDATA[2020-06-16T13:08:54]]></BackupTime><ID><![CDATA[{BFDB1904-E226-4EE5-A0F4-D2B370A75AD5}]]></ID><Comment><![CDATA[]]></Comment><GPODisplayName><![CDATA[Domain Users Local Admin]]></GPODisplayName></BackupInst>
