<BackupInst xmlns="http://www.microsoft.com/GroupPolicy/GPOOperations/Manifest"><GPOGuid><![CDATA[{9010C7E0-4150-43F1-9488-035A8FADAE92}]]></GPOGuid><GPODomain><![CDATA[lab.local]]></GPODomain><GPODomainGuid><![CDATA[{c90397aa-d91f-4bb7-a0c8-4a7f5cb6fc8b}]]></GPODomainGuid><GPODomainController><![CDATA[DC1.lab.local]]></GPODomainController><BackupTime><![CDATA[2020-06-16T01:09:56]]></BackupTime><ID><![CDATA[{757FE67A-3403-4198-B673-A75E72BF6982}]]></ID><Comment><![CDATA[]]></Comment><GPODisplayName><![CDATA[Add Users To Local Admin]]></GPODisplayName></BackupInst>
