<BackupInst xmlns="http://www.microsoft.com/GroupPolicy/GPOOperations/Manifest"><GPOGuid><![CDATA[{306C9EFB-8CAA-49C8-868D-A6682D92DFDC}]]></GPOGuid><GPODomain><![CDATA[lab.local]]></GPODomain><GPODomainGuid><![CDATA[{bf64c48d-3176-4362-a564-62e36431020a}]]></GPODomainGuid><GPODomainController><![CDATA[DC1.lab.local]]></GPODomainController><BackupTime><![CDATA[2020-06-15T15:23:58]]></BackupTime><ID><![CDATA[{0466F6AE-7482-4A8E-BED5-115AE098A3D8}]]></ID><Comment><![CDATA[Add Users To Local Admin]]></Comment><GPODisplayName><![CDATA[Add Users To Local Admin]]></GPODisplayName></BackupInst>
